{
    "Malawi": [34.301525,-13.254308],
    "Mali": [-3.996166,17.570692],
    "Bangladesh": [90.356331,23.684994],
    "Afghanistan TIS": [67.709953,33.93911],
    "Ethiopia": [40.489673,9.145],
    "Haiti": [-72.28521499999999,18.971187],
    "Mozambique": [35.529562,-18.665695],
    "Nigeria": [8.675276999999999,9.081999],
    "South Sudan": [30.15893,7.963092],
    "Tanzania,Un Rep": [34.888822,-6.369028],
    "Burkina-Faso": [1.561593,12.238333],
    "Burundi": [29.918886,-3.373056],
    "Cambodia": [104.990963,12.565679],
    "Cameroon": [12.354722,7.369722000000001],
    "Congo, Dem Rep.": [21.758664,-4.038333,0],
    "Ghana": [-1.023194,7.946526999999999],
    "India": [78.96288,20.593684],
    "Lao, Dem. Rep.": [102.495496,19.85627],
    "Nepal": [84.124008,28.394857],
    "Pakistan": [69.345116,30.375321],
    "Rwanda": [29.873888,-1.940278],
    "Senegal": [14.452362,14.497401],
    "Sierra Leone": [11.779889,8.460554999999999],
    "Sudan": [30.217636,12.862807],
    "Uganda": [32.290275,1.373333],
    "Zambia": [27.849332,-13.133897],
    "Zimbabwe": [29.154857,-19.015438]
}